{"cameraMode":{"drawMode":0,"name":"Shaded","section":"Shading Mode"},"sceneLighting":true,"audioPlay":false,"sceneViewState":{"showFog":true,"showMaterialUpdate":false,"showSkybox":true,"showFlares":true,"showImageEffects":true,"showParticleSystems":true},"in2DMode":false,"pivot":{"x":3.4218685626983644,"y":10.30465316772461,"z":3.0601255893707277},"rotation":{"x":0.2569325864315033,"y":-0.06228320673108101,"z":0.01659260131418705,"w":0.9642850756645203},"size":-0.4021630883216858,"orthographic":false}