{"cameraMode":{"drawMode":0,"name":"Shaded","section":"Shading Mode"},"sceneLighting":false,"audioPlay":false,"sceneViewState":{"showFog":true,"showMaterialUpdate":false,"showSkybox":false,"showFlares":true,"showImageEffects":true,"showParticleSystems":true},"in2DMode":false,"pivot":{"x":0.7679243087768555,"y":1.5251644849777222,"z":0.0766066163778305},"rotation":{"x":0.17843659222126008,"y":0.004428243264555931,"z":-0.000803243659902364,"w":0.9839443564414978},"size":1.2439258098602296,"orthographic":false}