{"cameraMode":{"drawMode":0,"name":"Shaded","section":"Shading Mode"},"sceneLighting":true,"audioPlay":false,"sceneViewState":{"showFog":true,"showMaterialUpdate":false,"showSkybox":true,"showFlares":true,"showImageEffects":true,"showParticleSystems":true},"in2DMode":false,"pivot":{"x":18.41771125793457,"y":56.528221130371097,"z":48.59257507324219},"rotation":{"x":-0.057533103972673419,"y":0.6842982769012451,"z":-0.05430881679058075,"w":-0.724902868270874},"size":49.03417205810547,"orthographic":false}